Reactants,CO2 and O,,LSA:,Altitude LSA,Ti,m/(2*kB*T),CO2 LSA: Fraction above 4991 m/s,integrate (4*pi*(x+5707)^2*(5.867e-8/pi)^(3/2)*exp(-5.867e-8*(x+5707)^2)) from 4991 to infinity,O LSA: Fraction above 4991 m/s,Swap out 5707 for 1958 m/s,integrate (4*pi*(x+1958)^2*(2.178e-8/pi)^(3/2)*exp(-2.178e-8*(x+1958)^2)) from 4991 to infinity,H LSA: Fraction above 4991 m/s,kT,"H LSA using E: Fraction above 0.13 eV (the same when 0.1298 eV is used, which is the same as 4991 m/s)",O LSA using E: Fraction above 0.13 eV,integrate (2*sqrt((x+3.04414E-21)/pi)*(1/3.054E-20)^(3/2)*exp(-(x+3.04414E-21)/3.054E-20)) from 2.08283e-20 to infinity,HSA:,Altitude HSA,Ti(K),m/(2*kB*T),CO2 HSA: Fraction above 4991 m/s,,O HSA: Fraction above 4991 m/s; 0 if less than 1e-6,,H HSA: Fraction above 4991 m/s,kT,O HSA using E: Fraction above 0.13 eV,integrate (2*sqrt(x/pi)*(1/(5.102E-20))^(3/2)*exp(-x/(5.102E-20))) from (2.08283e-20+3.04414E-21) to infinity
kB,1.38E-23,m2 kg s-2 K-1,,10104200,137.57,4.396E-07,0,,0,,,0.0000684,1.899E-21,,1.44E-05,,,10104200,131.27,4.607E-07,0,,0,,0.0000413,1.812E-21,8.06E-06,
m,1.67E-27,kg,,10129800,137.59,4.396E-07,0,,0,,,0.0000684,1.900E-21,,1.45E-05,,,10129800,131.21,4.609E-07,0,,0,,0.0000411,1.812E-21,8.06E-06,
SA,LSA,,,10129900,137.59,4.396E-07,0,,0,,,0.0000684,1.900E-21,,1.45E-05,,,10129900,131.21,4.609E-07,0,,0,,0.0000411,1.812E-21,8.06E-06,
,,,,10181100,137.63,4.394E-07,0,,0,,,0.0000687,1.900E-21,,1.45E-05,,,10181100,131.11,4.613E-07,0,,0,,0.0000407,1.810E-21,7.95E-06,
,,,,10181400,137.63,4.394E-07,0,,0,,,0.0000687,1.900E-21,,1.45E-05,,,10181400,131.11,4.613E-07,0,,0,,0.0000407,1.810E-21,7.95E-06,
,,,,10207100,137.64,4.394E-07,0,,0,,,0.0000687,1.900E-21,,1.45E-05,,,10207100,131.07,4.614E-07,0,,0,,0.0000406,1.810E-21,7.95E-06,
,,,,10489100,137.85,4.387E-07,0,,0,,,0.0000699,1.903E-21,,1.48E-05,,,10489100,131.11,4.613E-07,0,,0,,0.0000407,1.810E-21,7.95E-06,
,,,,10617400,137.94,4.384E-07,0,,0,,,0.0000704,1.904E-21,,1.49E-05,,,10617400,131.27,4.607E-07,0,,0,,0.0000413,1.812E-21,8.06E-06,
,,,,10643000,137.95,4.384E-07,0,,0,,,0.0000704,1.905E-21,,1.50E-05,,,10643000,131.3,4.606E-07,0,,0,,0.0000414,1.813E-21,8.12E-06,
,,,,10694400,137.99,4.383E-07,0,,0,,,0.0000706,1.905E-21,,1.50E-05,,,10694400,131.38,4.603E-07,0,,0,,0.0000417,1.814E-21,8.17E-06,
,,,,10771700,138.03,4.382E-07,0,,0,,,0.0000707,1.906E-21,,1.51E-05,,,10771700,131.51,4.599E-07,0,,0,,0.0000421,1.816E-21,8.29E-07,
,,,,11002700,138.17,4.377E-07,0,,0,,,0.0000716,1.908E-21,,1.53E-05,,,11002700,131.95,4.583E-07,0,,0,,0.0000438,1.822E-21,8.64E-06,
,,,,11490000,138.42,4.369E-07,0,,0,,,0.000073,1.911E-21,,1.56E-05,,,11490000,133.24,4.539E-07,0,,0,,0.0000486,1.840E-21,9.78E-06,
,,,,11567000,138.45,4.368E-07,0,,0,,,0.0000731,1.912E-21,,1.57E-05,,,11567000,133.51,4.530E-07,0,,0,,0.0000497,1.843E-21,9.98E-06,
,,,,11644000,138.48,4.367E-07,0,,0,,,0.0000733,1.912E-21,,1.57E-05,,,11644000,133.81,4.520E-07,0,,0,,0.0000509,1.847E-21,1.03E-05,
,,,,11746900,138.53,4.366E-07,0,,0,,,0.0000735,1.913E-21,,1.58E-05,,,11746900,134.28,4.504E-07,0,,0,,0.0000529,1.854E-21,1.07E-05,
,,,,11772400,138.54,4.365E-07,0,,0,,,0.0000737,1.913E-21,,1.58E-05,,,11772400,134.41,4.500E-07,0,,0,,0.0000534,1.856E-21,1.09E-05,
,,,,12260300,138.69,4.361E-07,0,,0,,,0.0000744,1.915E-21,,1.60E-05,,,12260300,140.9,4.292E-07,0,,0,,0.0000877,1.945E-21,1.92E-05,
,,,,12285900,138.7,4.360E-07,0,,0,,,0.0000745,1.915E-21,,1.60E-05,,,12285900,141.48,4.275E-07,0,,0,,0.0000913,1.953E-21,2.01E-05,
,,,,12285900,138.7,4.360E-07,0,,0,,,0.0000745,1.915E-21,,1.60E-05,,,12285900,141.48,4.275E-07,0,,0,,0.0000913,1.953E-21,2.01E-05,
,,,,12362800,138.71,4.360E-07,0,,0,,,0.0000745,1.915E-21,,1.60E-05,,,12362800,143.14,4.225E-07,0,,0,,0.000103,1.976E-21,2.31E-05,
,,,,12362900,138.71,4.360E-07,0,,0,,,0.0000745,1.915E-21,,1.60E-05,,,12362900,143.15,4.225E-07,0,,0,,0.000103,1.976E-21,2.31E-05,
,,,,12696500,138.84,4.356E-07,0,,0,,,0.0000753,1.917E-21,,1.62E-05,,,12696500,150.61,4.016E-07,0,,0,,0.000169,2.079E-21,4.11E-05,
,,,,12799700,138.96,4.352E-07,0,,0,,,0.000076,1.919E-21,,1.64E-05,,,12799700,153.29,3.945E-07,0,,0,,0.0002,2.116E-21,4.98E-05,
,,,,12876700,139.1,4.348E-07,0,,0,,,0.0000767,1.920E-21,,1.65E-05,,,12876700,155.52,3.889E-07,0,,0,,0.000229,2.147E-21,5.82E-05,
,,,,12928100,139.22,4.344E-07,0,,0,,,0.0000774,1.922E-21,,1.67E-05,,,12928100,157.16,3.848E-07,0,,0,,0.000252,2.170E-21,6.52E-05,
,,,,12953800,139.29,4.342E-07,0,,0,,,0.0000778,1.923E-21,,1.68E-05,,,12953800,158.03,3.827E-07,0,,0,,0.000265,2.182E-21,6.90E-05,
,,,,13031400,139.55,4.334E-07,0,,0,,,0.0000793,1.927E-21,,1.72E-05,,,13031400,160.87,3.759E-07,0,,0,,0.000311,2.221E-21,8.30E-05,
,,,,13365000,141.81,4.265E-07,0,,0,,,0.0000935,1.958E-21,,2.08E-05,,,13365000,175.74,3.441E-07,0,,0,,0.00066,2.426E-21,1.98E-04,
,,,,13365700,141.81,4.265E-07,0,,0,,,0.0000935,1.958E-21,,2.08E-05,,,13365700,175.77,3.441E-07,0,,0,,0.00066,2.427E-21,1.98E-04,
,,,,13416500,142.39,4.247E-07,0,,0,,,0.0000976,1.966E-21,,2.18E-05,,,13416500,178.1,3.396E-07,0,,0,,0.000734,2.459E-21,2.24E-04,
,,,,13519100,143.79,4.206E-07,0,,0,,,0.000108,1.985E-21,,2.44E-05,,,13519100,182.68,3.311E-07,0,,0,,0.000897,2.522E-21,2.82E-04,
,,,,13555500,144.38,4.189E-07,0,,0,,,0.000112,1.993E-21,,2.55E-05,,,13555500,184.27,3.282E-07,0,,0,,0.000961,2.544E-21,3.05E-04,
,,,,13558000,144.42,4.188E-07,0,,0,,,0.000112,1.994E-21,,2.57E-05,,,13558000,184.38,3.280E-07,0,,0,,0.000965,2.546E-21,3.08E-04,
,,,,13878900,151.79,3.984E-07,0,,0,,,0.000182,2.096E-21,,4.49E-05,,,13878900,197.8,3.058E-07,0,,1.73E-06,,0.00163,2.731E-21,5.62E-04,
,,,,13905100,152.52,3.965E-07,0,,0,,,0.000191,2.106E-21,,4.73E-05,,,13905100,198.86,3.041E-07,0,,1.87E-06,,0.00169,2.746E-21,5.88E-04,
,,,,14141300,159.67,3.788E-07,0,,0,,,0.000291,2.204E-21,,7.67E-05,,,14141300,208.33,2.903E-07,0,,3.56E-06,,0.00234,2.876E-21,8.54E-04,
,,,,14238600,162.69,3.717E-07,0,,0,,,0.000344,2.246E-21,,9.31E-05,,,14238600,212.31,2.849E-07,0,,4.59E-06,,0.00265,2.931E-21,9.89E-04,
,,,,14399300,167.49,3.611E-07,0,,0,,,0.000442,2.312E-21,,1.24E-04,,,14399300,219.16,2.760E-07,0,,6.95E-06,,0.00327,3.026E-21,1.26E-03,
,,,,14418400,168.04,3.599E-07,0,,0,,,0.000455,2.320E-21,,1.29E-04,,,14418400,220.02,2.749E-07,0,,7.32E-06,,0.00335,3.038E-21,1.30E-03,
,,,,14591200,172.65,3.503E-07,0,,0,,,0.00057,2.384E-21,,1.68E-04,,,14591200,227.92,2.654E-07,0,,0.0000114,,0.00418,3.147E-21,0.00168,
,,,,14918400,179.67,3.366E-07,0,,0,,,0.000788,2.481E-21,,2.43E-04,,,14918400,240.49,2.515E-07,0,,0.0000217,,0.00577,3.320E-21,0.00243,
,,,,15045800,181.91,3.325E-07,0,,0,,,0.000868,2.512E-21,,2.73E-04,,,15045800,244.45,2.474E-07,0,,0.0000263,,0.00635,3.375E-21,0.00271,
,,,,15305700,185.75,3.256E-07,0,,0,,,0.00102,2.565E-21,,3.29E-04,,,15305700,251.6,2.404E-07,0,,0.0000364,,0.00746,3.474E-21,0.00328,
,,,,15954100,191.9,3.152E-07,0,,1.11E-06,,,0.0013,2.649E-21,,4.35E-04,,,15954100,265.76,2.276E-07,0,,0.0000658,,0.01,3.669E-21,0.00461,
,,,,16079100,192.59,3.140E-07,0,,1.18E-06,,,0.00134,2.659E-21,,4.49E-04,,,16079100,267.94,2.257E-07,0,,0.0000719,,0.0105,3.699E-21,0.00484,
,,,,16404400,193.78,3.121E-07,0,,1.29E-06,,,0.0014,2.675E-21,,4.73E-04,,,16404400,272.68,2.218E-07,0,,0.0000861,,0.0115,3.765E-21,0.00538,
,,,,16406100,193.79,3.121E-07,0,,1.29E-06,,,0.0014,2.676E-21,,4.74E-04,,,16406100,272.7,2.218E-07,0,,0.0000861,,0.0115,3.765E-21,0.00538,
,,,,17183700,195.49,3.094E-07,0,,1.46E-06,,,0.00149,2.699E-21,,5.10E-04,,,17183700,280.07,2.159E-07,0,,0.000113,,0.0131,3.867E-21,0.00629,
,,,,17441800,196.75,3.074E-07,0,,1.61E-06,,,0.00157,2.716E-21,,5.37E-04,,,17441800,282.82,2.138E-07,0,,0.000125,,0.0138,3.905E-21,0.00665,
,,,,17579800,197.87,3.056E-07,0,,1.75E-06,,,0.00163,2.732E-21,,5.64E-04,,,17579800,284.69,2.124E-07,0,,0.000133,,0.0142,3.931E-21,0.00690,
,,,,17631300,198.42,3.048E-07,0,,1.81E-06,,,0.00167,2.739E-21,,5.76E-04,,,17631300,285.48,2.118E-07,0,,0.000137,,0.0144,3.941E-21,0.00700,
,,,,17956800,204.17,2.962E-07,0,,2.71E-06,,,0.00204,2.819E-21,,7.28E-04,,,17956800,292.32,2.069E-07,0,,0.000171,,0.0161,4.036E-21,0.00799,
,,,,18025500,206,2.936E-07,0,,3.06E-06,,,0.00216,2.844E-21,,7.81E-04,,,18025500,294.29,2.055E-07,0,,0.000182,,0.0166,4.063E-21,0.00829,
,,,,18089700,207.94,2.908E-07,0,,3.49E-06,,,0.00231,2.871E-21,,8.42E-04,,,18089700,296.32,2.041E-07,0,,0.000195,,0.0172,4.091E-21,0.00860,
,,,,18351300,218.08,2.773E-07,0,,6.54E-06,,,0.00317,3.011E-21,,1.21E-03,,,18351300,306.52,1.973E-07,0,,0.000266,,0.0201,4.232E-21,0.0103,
,,,,18504900,225.39,2.683E-07,0,,9.95E-06,,,0.00391,3.112E-21,,1.55E-03,,,18504900,313.92,1.927E-07,0,,0.000329,,0.0223,4.334E-21,0.0116,
,,,,18602100,230.31,2.626E-07,0,,0.000013,,,0.00446,3.180E-21,,1.80E-03,,,18602100,319.13,1.895E-07,0,,0.000381,,0.024,4.406E-21,0.0126,
,,,,18634400,231.96,2.607E-07,0,,0.0000142,,,0.00466,3.203E-21,,1.90E-03,,,18634400,320.93,1.884E-07,0,,0.000401,,0.0246,4.431E-21,0.0130,
,,,,18795300,240.38,2.516E-07,0,,0.0000216,,,0.00576,3.319E-21,,2.42E-03,,,18795300,330.53,1.830E-07,0,,0.000514,,0.0278,4.563E-21,0.0150,
,,,,19019300,252.53,2.395E-07,0,,0.0000379,,,0.00762,3.487E-21,,3.36E-03,,,19019300,345.15,1.752E-07,0,,0.000734,,0.0331,4.765E-21,0.0184,
,,,,19046000,254.02,2.381E-07,0,,0.0000404,,,0.00787,3.507E-21,,3.48E-03,,,19046000,346.96,1.743E-07,0,,0.000765,,0.0338,4.790E-21,0.0188,
,,,,19186600,261.95,2.309E-07,0,,0.0000565,,,0.00929,3.617E-21,,4.22E-03,,,19186600,356.58,1.696E-07,0,,0.000948,,0.0376,4.923E-21,0.0213,
,,,,19457400,277.85,2.177E-07,0,,0.000104,,,0.0126,3.836E-21,,6.00E-03,,,19457400,374.98,1.613E-07,0,,0.00138,,0.0453,5.177E-21,0.0265,
,,,,19508600,280.93,2.153E-07,0,,0.000116,,,0.0133,3.879E-21,,6.40E-03,,,19508600,378.41,1.598E-07,0,,0.00148,,0.0468,5.225E-21,0.0275,
,,,,19559600,284.03,2.129E-07,0,,0.00013,,,0.0141,3.921E-21,,6.80E-03,,,19559600,381.83,1.584E-07,0,,0.00158,,0.0483,5.272E-21,0.0286,
,,,,19843000,301.99,2.003E-07,0,,0.000232,,,0.0187,4.169E-21,,9.52E-03,,,19843000,400.74,1.509E-07,0,,0.00222,,0.0571,5.533E-21,0.0347,
,,,,19961800,310.28,1.949E-07,0,,0.000297,,,0.0212,4.284E-21,,1.10E-02,,,19961800,408.69,1.480E-07,0,,0.00253,,0.0609,5.643E-21,0.0374,
,,,,20222200,329.6,1.835E-07,0,assumed 13,0.000502,,,0.0275,4.551E-21,,1.48E-02,,,20222200,426.41,1.418E-07,0,,0.00335,,0.0699,5.887E-21,0.0438,
,,,,20227900,330.03,1.833E-07,0,assumed 12,0.000507,,,0.0276,4.557E-21,,1.49E-02,,,20227900,426.8,1.417E-07,0,,0.00337,,0.07,5.893E-21,0.0440,
,,,,20228700,330.1,1.832E-07,0,assumed 11,0.000509,,,0.0276,4.558E-21,,1.49E-02,,,20228700,426.86,1.417E-07,0,,0.00337,,0.07,5.893E-21,0.0440,
,,,,20412000,344.43,1.756E-07,0,assumed 10,0.000721,,,0.0328,4.755E-21,,1.82E-02,,,20412000,439.77,1.375E-07,0,,0.00407,,0.0768,6.072E-21,0.0489,
,,,,20414200,344.61,1.755E-07,0,assumed 9,0.000724,,,0.0329,4.758E-21,,1.83E-02,,,20414200,439.93,1.375E-07,0,,0.00407,,0.0768,6.074E-21,0.0490,
,,,,20691000,367.24,1.647E-07,0,assumed 8,0.00119,,,0.042,5.070E-21,,2.42E-02,,,20691000,460.48,1.313E-07,1.34E-06,,0.00538,,0.088,6.358E-21,0.0573,
,,,,20868300,382.26,1.582E-07,0,assumed 7,0.00159,,,0.0485,5.278E-21,,2.87E-02,,,20868300,474.5,1.275E-07,2.05E-06,,0.00638,,0.0957,6.551E-21,0.0633,
,,,,20896000,384.64,1.572E-07,0,assumed 6,0.00167,,,0.0496,5.311E-21,,2.94E-02,,,20896000,476.77,1.269E-07,2.19E-06,,0.00656,,0.0969,6.583E-21,0.0643,
,,,,21199800,411.26,1.471E-07,0,assumed 5,0.00264,,,0.0621,5.678E-21,,3.83E-02,,,21199800,503.25,1.202E-07,4.60E-06,,0.00885,,0.112,6.948E-21,0.0761,
,,,,21322600,422.38,1.432E-07,0,assumed 4,0.00315,,,0.0677,5.832E-21,,4.23E-02,,,21322600,515,1.174E-07,6.26E-06,,0.01,,0.119,7.110E-21,0.0816,
,,,,21718000,460.45,1.313E-07,0,assumed 3,0.00538,,,0.088,6.357E-21,,5.73E-02,,,21718000,557.85,1.084E-07,0.0000169,,0.015,,0.145,7.702E-21,0.102,
,,,,21774700,466.29,1.297E-07,0,assumed 2,0.00578,,,0.0912,6.438E-21,,5.98E-02,,,21774700,564.54,1.071E-07,0.0000195,,0.0159,,0.149,7.794E-21,0.106,
,,,,21821200,471.17,1.284E-07,0,assumed 1,0.00613,,,0.0938,6.505E-21,,6.18E-02,,,21821200,570.09,1.061E-07,0.0000218,,0.0166,,0.152,7.871E-21,0.108,
,,,,22028600,493.87,1.225E-07,0,assumed 0,0.00799,,,0.107,6.819E-21,,7.18E-02,,,22028600,595.46,1.016E-07,0.0000357,,0.0202,,0.167,8.221E-21,0.121,
,,,,22030900,494.12,1.224E-07,3.60E-06,,8.02E-03,,,0.107,6.822E-21,,7.19E-02,,,22030900,595.74,1.015E-07,0.0000361,,0.0203,,0.168,8.225E-21,0.122,
,,,,22293700,525.03,1.152E-07,4.16E-05,lin interp,0.0111,,,0.125,7.249E-21,,8.63E-02,,,22293700,628.2,9.627E-08,0.0000641,,0.0256,,0.187,8.673E-21,0.138,
,,,,22514300,552.64,1.094E-07,7.36E-05,lin interp,0.0143,,,0.142,7.630E-21,,9.97E-02,,,22514300,654.86,9.235E-08,0.0000985,,0.0304,,0.203,9.041E-21,0.152,
,,,,22514600,552.69,1.094E-07,7.37E-05,lin interp,0.0143,,,0.142,7.631E-21,,9.98E-02,,,22514600,654.9,9.235E-08,0.0000985,,0.0304,,0.203,9.042E-21,0.152,
,,,,22681200,574.47,1.053E-07,1.47E-04,lin interp,0.0172,,,0.155,7.931E-21,,0.111,,,22681200,674.95,8.960E-08,0.000133,,0.0343,,0.216,9.319E-21,0.163,
,,,,23329400,666.8,9.070E-08,4.75E-04,lin interp,0.0327,,,0.211,9.206E-21,,0.159,,,23329400,758.72,7.971E-08,0.000391,,0.0527,,0.265,1.048E-20,0.207,
,,,,23387700,675.8,8.949E-08,5.11E-04,lin interp,0.0344,,,0.216,9.330E-21,,0.163,,,23387700,767.19,7.883E-08,0.000431,,0.0547,,0.269,1.059E-20,0.212,
,,,,23490100,691.94,8.740E-08,6.91E-04,lin interp,0.0377,,,0.226,9.553E-21,,0.172,,,23490100,782.6,7.728E-08,0.00051,,0.055,,0.278,1.080E-20,0.219,
,,,,23587700,707.75,8.545E-08,8.62E-04,lin interp,0.0411,,,0.235,9.772E-21,,0.180,,,23587700,797.91,7.580E-08,0.000599,,0.0624,,0.287,1.102E-20,0.228,
,,,,23645300,717.27,8.432E-08,0.000237,,0.0431,,,0.241,9.903E-21,,0.185,,,23645300,807.22,7.492E-08,0.000659,,0.0648,,0.292,1.114E-20,0.232,
,,,,23647600,717.65,8.427E-08,0.000238,,0.0432,,,0.241,9.908E-21,,0.186,,,23647600,807.59,7.489E-08,0.000661,,0.0648,,0.292,1.115E-20,0.233,
,,,,24260400,827.18,7.311E-08,0.000801,,0.07,,,0.303,1.142E-20,,0.243,,,24260400,917.74,6.590E-08,0.00175,,0.0951,,0.35,1.267E-20,0.288,
,,,,24300600,834.78,7.245E-08,0.000861,,0.072,,,0.307,1.153E-20,,0.247,,,24300600,925.5,6.535E-08,0.00185,,0.0974,,0.354,1.278E-20,0.291,
,,,,24389100,851.68,7.101E-08,0.00101,,0.0766,,,0.316,1.176E-20,,0.255,,,24389100,942.77,6.415E-08,0.00211,,0.102,,0.362,1.302E-20,0.300,
,,,,24494200,871.95,6.936E-08,0.0012,,0.0822,,,0.327,1.204E-20,,0.265,,,24494200,963.55,6.277E-08,0.00245,,0.109,,0.376,1.330E-20,0.309,
,,,,25262000,1030.9,5.867E-08,0.0038,,0.129,,,0.404,1.423E-20,,0.340,,,25262000,1126.7,5.368E-08,0.00646,,0.159,,0.445,1.556E-20,0.381,
,,,,25264200,1031.5,5.863E-08,0.00381,,0.129,,,0.404,1.424E-20,,0.340,,,25264200,1127.3,5.365E-08,0.00648,,0.159,,0.445,1.556E-20,0.381,
,,,,25271700,1033.2,5.854E-08,0.00385,,0.13,,,0.405,1.426E-20,,0.341,,,25271700,1128.9,5.357E-08,0.00654,,0.16,,0.446,1.559E-20,0.382,
,,,,25313100,1042.8,5.800E-08,0.00408,,0.133,,,0.409,1.440E-20,,0.345,,,25313100,1138.5,5.312E-08,0.00686,,0.163,,0.449,1.572E-20,0.386,
,,,,25400700,1063.6,5.686E-08,0.0046,,0.139,,,0.418,1.468E-20,,0.354,,,25400700,1158.9,5.219E-08,0.00757,,0.169,,0.457,1.600E-20,0.394,
,,,,25467400,1080,5.600E-08,0.00505,,0.144,,,0.425,1.491E-20,,0.361,,,25467400,1174.7,5.148E-08,0.00816,,0.174,,0.464,1.622E-20,0.400,
,,,,26242800,1292.2,4.680E-08,0.0134,,0.211,,,0.506,1.784E-20,,0.444,,,26242800,1377.1,4.392E-08,0.0181,,0.237,,0.534,1.901E-20,0.473,
,,,,26307200,1310.4,4.615E-08,0.0143,,0.216,,,0.513,1.809E-20,,0.451,,,26307200,1396.1,4.332E-08,0.0193,,0.242,,0.54,1.928E-20,0.480,
,,,,26417000,1340.9,4.510E-08,0.016,,0.226,,,0.523,1.851E-20,,0.461,,,26417000,1430,4.229E-08,0.0215,,0.253,,0.551,1.974E-20,0.490,
,,,,26545600,1376.2,4.395E-08,0.0181,,0.236,,,0.534,1.900E-20,,0.473,,,26545600,1469.7,4.115E-08,0.0242,,0.264,,0.562,2.029E-20,0.502,
,,,,26593300,1389.3,4.353E-08,0.0189,,0.24,,,0.538,1.918E-20,,0.477,,,26593300,1483.3,4.077E-08,0.0252,,0.268,,0.566,2.048E-20,0.507,
,,,,26878600,1470.2,4.114E-08,0.0242,,0.264,,,0.562,2.030E-20,,0.503,,,26878600,1564.3,3.866E-08,0.0314,,0.292,,0.588,2.160E-20,0.530,
,,,,26880900,1470.9,4.112E-08,0.0243,,0.265,,,0.562,2.031E-20,,0.503,,,26880900,1565,3.864E-08,0.0314,,0.292,,0.588,2.161E-20,0.530,
,,,,27183900,1567.5,3.858E-08,0.0316,,0.293,,,0.589,2.164E-20,,0.531,,,27183900,1664,3.635E-08,0.0398,,0.319,,0.613,2.297E-20,0.556,
,,,,27235600,1585.5,3.814E-08,0.0331,,0.298,,,0.593,2.189E-20,,0.536,,,27235600,1682.8,3.594E-08,0.0416,,0.325,,0.617,2.323E-20,0.561,
,,,,27495200,1682.3,3.595E-08,0.0415,,0.324,,,0.617,2.323E-20,,0.561,,,27495200,1786.2,3.386E-08,0.0515,,0.352,,0.64,2.466E-20,0.586,
,,,,27598100,1723.2,3.510E-08,0.0453,,0.335,,,0.626,2.379E-20,,0.571,,,27598100,1830.6,3.304E-08,0.056,,0.363,,0.649,2.527E-20,0.596,
,,,,28057900,1918.7,3.152E-08,0.0654,,0.385,,,0.666,2.649E-20,,0.614,,,28057900,2041.4,2.963E-08,0.0792,,0.413,,0.688,2.818E-20,0.638,
,,,,28365900,2057.6,2.939E-08,0.081,,0.417,,,0.691,2.841E-20,,0.641,,,28365900,2178.5,2.776E-08,0.0956,,0.443,,0.71,3.008E-20,0.662,
,,,,28495300,2116.7,2.857E-08,0.0881,,0.43,,,0.7,2.922E-20,,0.652,,,28495300,2234.7,2.706E-08,0.103,,0.455,,0.718,3.085E-20,0.671,
,,,,28497600,2117.8,2.856E-08,0.0882,,0.43,,,0.7,2.924E-20,,0.652,,,28497600,2235.7,2.705E-08,0.103,,0.455,,0.718,3.087E-20,0.672,
,,,,28624600,2176.2,2.779E-08,0.0953,,0.443,,,0.709,3.005E-20,,0.662,,,28624600,2292.6,2.638E-08,0.11,,0.467,,0.726,3.165E-20,0.680,
,,,,28674500,2199.2,2.750E-08,0.0981,,0.448,,,0.713,3.036E-20,,0.666,,,28674500,2315.9,2.611E-08,0.113,,0.471,,0.729,3.197E-20,0.684,
,,,,28701900,2212,2.734E-08,0.0997,,0.45,,,0.714,3.054E-20,,0.668,,,28701900,2329.2,2.597E-08,0.114,,0.474,,0.731,3.216E-20,0.686,
,,,,29162700,2430.9,2.488E-08,0.127,,0.493,,,0.744,3.356E-20,,0.700,,,29162700,2586.3,2.338E-08,0.148,,0.521,,0.761,3.571E-20,0.720,
,,,,29470700,2586.3,2.338E-08,0.148,,0.521,,,0.761,3.571E-20,,0.720,,,29470700,2764.2,2.188E-08,0.171,,0.549,,0.779,3.816E-20,0.741,
,,,,29650800,2683,2.254E-08,0.16,,0.537,,,0.772,3.704E-20,,0.732,,,29650800,2854.2,2.119E-08,0.183,,0.563,,0.788,3.941E-20,0.750,
,,,,29728600,2724.8,2.220E-08,0.166,,0.543,,,0.776,3.762E-20,,0.736,,,29728600,2889,2.093E-08,0.188,,0.568,,0.791,3.989E-20,0.754,
,,,,29831000,2777.3,2.178E-08,0.173,,0.551,,,0.781,3.834E-20,,0.742,,,29831000,2931.5,2.063E-08,0.193,,0.574,,0.795,4.047E-20,0.758,
,,,,30112000,2887.9,2.094E-08,0.188,,0.568,,,0.791,3.987E-20,,0.754,,,30112000,3029.1,1.997E-08,0.206,,0.587,,0.802,4.182E-20,0.767,
,,,,30112800,2888.1,2.094E-08,0.188,,0.568,,,0.791,3.987E-20,,0.754,,,30112800,3029.3,1.996E-08,0.206,,0.588,,0.803,4.182E-20,0.767,
,,,,30114200,2888.5,2.094E-08,0.188,,0.568,,,0.791,3.988E-20,,0.754,,,30114200,3029.7,1.996E-08,0.206,,0.588,,0.803,4.183E-20,0.767,
,,,,30292800,2934.9,2.061E-08,0.194,,0.574,,,0.795,4.052E-20,,0.758,,,30292800,3076.2,1.966E-08,0.212,,0.594,,0.806,4.247E-20,0.771,
,,,,30883700,3033.8,1.994E-08,0.207,,0.588,,,0.803,4.189E-20,,0.767,,,30883700,3155.3,1.917E-08,0.223,,0.604,,0.812,4.356E-20,0.778,
,,,,31114200,3061.3,1.976E-08,0.21,,0.592,,,0.805,4.227E-20,,0.770,,,31114200,3174.8,1.905E-08,0.225,,0.606,,0.814,4.383E-20,0.780,
,,,,31114500,3061.3,1.976E-08,0.21,,0.592,,,0.805,4.227E-20,,0.770,,,31114500,3174.8,1.905E-08,0.225,,0.606,,0.814,4.383E-20,0.780,
,,,,31139700,3064.1,1.974E-08,0.211,,0.592,,,0.805,4.230E-20,,0.770,,,31139700,3176.9,1.904E-08,0.225,,0.607,,0.814,4.386E-20,0.780,
,,,,31728600,3122,1.937E-08,0.218,,0.6,,,0.81,4.310E-20,,0.775,,,31728600,3228.6,1.873E-08,0.232,,0.613,,0.817,4.458E-20,0.784,
,,,,31730900,3122.2,1.937E-08,0.218,,0.6,,,0.81,4.311E-20,,0.775,,,31730900,3228.8,1.873E-08,0.232,,0.613,,0.817,4.458E-20,0.784,
,,,,31833300,3131.5,1.931E-08,0.22,,0.601,,,0.81,4.324E-20,,0.776,,,31833300,3237.9,1.868E-08,0.233,,0.614,,0.818,4.470E-20,0.785,
,,,,32166800,3161.1,1.913E-08,0.223,,0.605,,,0.813,4.364E-20,,0.779,,,32166800,3267.6,1.851E-08,0.237,,0.618,,0.82,4.511E-20,0.787,
,,,,32269200,3170.2,1.908E-08,0.224,,0.606,,,0.813,4.377E-20,,0.779,,,32269200,3276.5,1.846E-08,0.238,,0.619,,0.821,4.524E-20,0.788,
,,,,32731100,3212.5,1.883E-08,0.23,,0.611,,,0.816,4.435E-20,,0.783,,,32731100,3312.1,1.826E-08,0.243,,0.623,,0.823,4.573E-20,0.791,
,,,,32860000,3225,1.875E-08,0.232,,0.613,,,0.817,4.453E-20,,0.784,,,32860000,3319.9,1.822E-08,0.244,,0.624,,0.824,4.584E-20,0.791,
,,,,33013500,3240.1,1.867E-08,0.233,,0.614,,,0.818,4.473E-20,,0.785,,,33013500,3328.6,1.817E-08,0.245,,0.625,,0.824,4.596E-20,0.792,
,,,,33345300,3272.8,1.848E-08,0.238,,0.618,,,0.82,4.519E-20,,0.788,,,33345300,3347,1.807E-08,0.247,,0.627,,0.825,4.621E-20,0.793,
,,,,33347600,3273,1.848E-08,0.238,,0.618,,,0.82,4.519E-20,,0.788,,,33347600,3347.1,1.807E-08,0.247,,0.627,,0.825,4.621E-20,0.793,
,,,,33450100,3282.9,1.842E-08,0.239,,0.62,,,0.821,4.533E-20,,0.788,,,33450100,3353,1.804E-08,0.248,,0.628,,0.826,4.629E-20,0.794,
,,,,33809600,3315.5,1.824E-08,0.243,,0.623,,,0.823,4.578E-20,,0.791,,,33809600,3375.6,1.792E-08,0.251,,0.63,,0.827,4.661E-20,0.795,
,,,,34065800,3336.7,1.813E-08,0.246,,0.626,,,0.825,4.607E-20,,0.792,,,34065800,3394.9,1.781E-08,0.253,,0.632,,0.828,4.687E-20,0.797,
,,,,34605100,3375.1,1.792E-08,0.251,,0.63,,,0.827,4.660E-20,,0.795,,,34605100,3449.1,1.753E-08,0.26,,0.638,,0.832,4.762E-20,0.801,
,,,,34707400,3381.5,1.789E-08,0.251,,0.631,,,0.828,4.669E-20,,0.796,,,34707400,3459.1,1.748E-08,0.261,,0.64,,0.832,4.776E-20,0.801,
,,,,34912800,3393.7,1.782E-08,0.253,,0.632,,,0.828,4.686E-20,,0.797,,,34912800,3476.1,1.740E-08,0.263,,0.641,,0.833,4.799E-20,0.802,
,,,,34962000,3396.4,1.781E-08,0.253,,0.632,,,0.828,4.689E-20,,0.797,,,34962000,3479.6,1.738E-08,0.264,,0.642,,0.834,4.804E-20,0.803,
,,,,34964200,3396.6,1.781E-08,0.253,,0.632,,,0.828,4.690E-20,,0.797,,,34964200,3479.7,1.738E-08,0.264,,0.642,,0.834,4.804E-20,0.803,
,,,,35041600,3400.9,1.778E-08,0.254,,0.633,,,0.829,4.695E-20,,0.797,,,35041600,3484.8,1.736E-08,0.264,,0.642,,0.834,4.811E-20,0.803,
,,,,35734400,3435.9,1.760E-08,0.258,,0.637,,,0.831,4.744E-20,,0.800,,,35734400,3522.3,1.717E-08,0.269,,0.646,,0.836,4.863E-20,0.806,
,,,,36068200,3451.1,1.752E-08,0.26,,0.639,,,0.832,4.765E-20,,0.801,,,36068200,3541.9,1.708E-08,0.271,,0.648,,0.837,4.890E-20,0.807,
,,,,36119100,3453.4,1.751E-08,0.261,,0.639,,,0.832,4.768E-20,,0.801,,,36119100,3545.3,1.706E-08,0.272,,0.649,,0.837,4.895E-20,0.807,
,,,,36578600,3473.2,1.741E-08,0.263,,0.641,,,0.833,4.795E-20,,0.802,,,36578600,3581,1.689E-08,0.276,,0.652,,0.84,4.944E-20,0.810,
,,,,36580900,3473.3,1.741E-08,0.263,,0.641,,,0.833,4.795E-20,,0.802,,,36580900,3581.2,1.689E-08,0.276,,0.652,,0.84,4.944E-20,0.810,
,,,,36838000,3484,1.736E-08,0.264,,0.642,,,0.834,4.810E-20,,0.803,,,36838000,3602.4,1.679E-08,0.279,,0.655,,0.841,4.974E-20,0.811,
,,,,37120400,3495.6,1.730E-08,0.266,,0.643,,,0.835,4.826E-20,,0.804,,,37120400,3623.1,1.669E-08,0.282,,0.657,,0.842,5.002E-20,0.812,
,,,,37248400,3500.8,1.728E-08,0.266,,0.644,,,0.835,4.833E-20,,0.804,,,37248400,3630.2,1.666E-08,0.282,,0.657,,0.842,5.012E-20,0.813,
,,,,37658800,3517.5,1.719E-08,0.269,,0.646,,,0.836,4.856E-20,,0.805,,,37658800,3640.5,1.661E-08,0.284,,0.658,,0.843,5.026E-20,0.813,
,,,,37787600,3522.8,1.717E-08,0.269,,0.646,,,0.836,4.864E-20,,0.806,,,37787600,3641.2,1.661E-08,0.284,,0.658,,0.843,5.027E-20,0.813,
,,,,38121300,3536.9,1.710E-08,0.271,,0.648,,,0.837,4.883E-20,,0.807,,,38121300,3643.5,1.660E-08,0.284,,0.659,,0.843,5.030E-20,0.814,
,,,,38172300,3539.1,1.709E-08,0.271,,0.648,,,0.837,4.886E-20,,0.807,,,38172300,3644.5,1.659E-08,0.284,,0.659,,0.843,5.032E-20,0.814,
,,,,38195300,3540.1,1.708E-08,0.271,,0.648,,,0.837,4.888E-20,,0.807,,,38195300,3645.1,1.659E-08,0.284,,0.659,,0.843,5.033E-20,0.814,
,,,,38197600,3540.2,1.708E-08,0.271,,0.648,,,0.837,4.888E-20,,0.807,,,38197600,3645.2,1.659E-08,0.284,,0.659,,0.843,5.033E-20,0.814,
,,,,38762800,3565.9,1.696E-08,0.274,,0.651,,,0.839,4.923E-20,,0.809,,,38762800,3671.8,1.647E-08,0.287,,0.662,,0.845,5.069E-20,0.815,
,,,,39019600,3578.4,1.690E-08,0.276,,0.652,,,0.839,4.941E-20,,0.809,,,39019600,3686.6,1.641E-08,0.289,,0.663,,0.845,5.090E-20,0.816,
,,,,39044900,3579.7,1.689E-08,0.276,,0.652,,,0.84,4.942E-20,,0.809,,,39044900,3687.9,1.640E-08,0.289,,0.663,,0.845,5.092E-20,0.816,
,,,,39198700,3587.5,1.686E-08,0.277,,0.653,,,0.84,4.953E-20,,0.810,,,39198700,3695.4,1.637E-08,0.29,,0.664,,0.846,5.102E-20,0.817,
,,,,39812000,3620.2,1.671E-08,0.281,,0.656,,,0.842,4.998E-20,,0.812,,,39812000,3716.3,1.627E-08,0.293,,0.666,,0.847,5.131E-20,0.818,
,,,,39814200,3620.3,1.671E-08,0.281,,0.656,,,0.842,4.998E-20,,0.812,,,39814200,3716.4,1.627E-08,0.293,,0.666,,0.847,5.131E-20,0.818,
,,,,39815200,3620.3,1.671E-08,0.281,,0.656,,,0.842,4.998E-20,,0.812,,,39815200,3716.4,1.627E-08,0.293,,0.666,,0.847,5.131E-20,0.818,
,,,,39840500,3621.7,1.670E-08,0.281,,0.656,,,0.842,5.000E-20,,0.812,,,39840500,3717.1,1.627E-08,0.293,,0.666,,0.847,5.132E-20,0.818,
,,,,39866400,3623.2,1.669E-08,0.282,,0.657,,,0.842,5.002E-20,,0.812,,,39866400,3717.8,1.627E-08,0.293,,0.666,,0.847,5.133E-20,0.818,
,,,,39994400,3630.2,1.666E-08,0.282,,0.657,,,0.842,5.012E-20,,0.813,,,39994400,3721.5,1.625E-08,0.293,,0.666,,0.847,5.138E-20,0.818,